,filenames
0,banana/000000440334_06
1,banana/000000061354_026
2,banana/000000380148_06
3,banana/000000142985_19
4,banana/000000573963_15
5,banana/000000521817_07
6,banana/000000009511_04
7,banana/000000192319_12
8,banana/000000540959_127
9,banana/000000486084_015
10,banana/000000380453_08
11,banana/000000400752_00
12,banana/000000247247_05
13,banana/000000255093_02
14,banana/000000522788_12
15,banana/000000380453_03
16,banana/000000579224_00
17,banana/000000206676_12
18,banana/000000215231_11
19,banana/000000460422_00
20,banana/000000324308_04
21,banana/000000562704_11
22,banana/000000336385_12
23,banana/000000362971_15
24,banana/000000450961_19
25,banana/000000160629_113
26,banana/000000354045_07
27,banana/000000220564_12
28,banana/000000486084_07
29,banana/000000149196_01
30,banana/000000306255_04
31,banana/000000473427_17
32,banana/000000430160_01
33,banana/000000168405_15
34,banana/000000002902_10
35,banana/oid-43_5e930fba78d319f3_10
36,banana/000000110798_00
37,banana/000000142047_10
38,banana/000000263620_06
39,banana/000000437317_012
40,banana/000000482084_00
41,banana/oid-46_3c420f8ab88a11d9_02
42,banana/000000354045_05
43,banana/000000326849_10
44,banana/000000054003_04
45,banana/000000265179_00
46,banana/000000284994_02
47,banana/000000093068_14
48,banana/oid-46_feccdecc31bac7d8_10
49,banana/000000227185_01
50,banana/000000191078_11
51,banana/000000311567_10
52,banana/000000136599_09
53,banana/oid-46_5b91594fe2bf1016_00
54,banana/000000184929_011
55,banana/000000511461_10
56,banana/000000508087_018
57,banana/oid-46_f18c3b6f031f00a0_00
58,banana/000000174386_02
59,banana/000000066166_17
60,banana/000000421618_08
61,banana/oid-47_de9d2b8911d67e70_10
62,banana/000000578652_00
63,banana/000000165164_111
64,banana/000000153618_00
65,banana/000000301971_19
66,banana/oid-46_42314c287b79187a_00
67,banana/000000333075_12
68,banana/000000026978_10
69,banana/000000411223_12
70,banana/000000029833_03
71,banana/000000020765_10
72,banana/000000534801_11
73,banana/000000440334_017
74,banana/000000573892_015
75,banana/oid-58_88a589d5dc853d78_13
76,banana/000000433472_01
77,banana/000000049542_15
78,banana/000000314201_011
79,banana/oid-46_82c6431f2a0503ae_10
80,banana/000000248694_07
81,banana/oid-46_a18019082a32b5d8_17
82,banana/000000380148_04
83,banana/000000063764_10
84,banana/000000380148_014
85,banana/000000097712_012
86,banana/000000317292_06
87,banana/000000286310_00
88,banana/000000078827_17
89,banana/000000573892_01
90,banana/000000088116_02
91,banana/000000566502_02
92,banana/oid-46_c22131e66b15bf54_18
93,banana/000000156455_01
94,banana/000000199698_110
95,banana/000000176758_01
96,banana/000000044815_111
97,banana/oid-46_119d422cc10bb3db_00
98,banana/000000011041_017
99,banana/000000041438_04
100,bench/oid-13_066feb7cdcd3b5d8_14
101,bench/000000032818_03
102,bench/oid-13_d5a6d5580d0cf18f_04
103,bench/000000572063_11
104,bench/000000418384_11
105,bench/oid-25_1b0799b83550d1bb_10
106,bench/oid-13_2c65f3b6192fa4c4_00
107,bench/oid-28_01a14048540ca249_12
108,bench/oid-36_0401533b0023e51a_04
109,bench/000000132430_03
110,bench/000000573855_00
111,bench/oid-13_61c92d4997707d29_00
112,bench/000000300930_00
113,bench/000000078117_10
114,bench/000000052107_04
115,bench/000000098510_17
116,bench/000000307686_15
117,bench/oid-13_0d69b880320d3c64_16
118,bench/oid-13_322de5b4f9ee11d7_11
119,bench/oid-13_e0bf45694e3e657c_00
120,bench/000000031588_13
121,bench/000000202067_01
122,bench/000000447109_04
123,bench/000000107970_01
124,bench/000000319766_11
125,bench/oid-7_5ac69a3f06c9414c_04
126,bench/000000386370_00
127,bench/oid-13_066feb7cdcd3b5d8_11
128,bench/000000390879_11
129,bench/oid-18_05bd23097b6d0169_14
130,bench/oid-13_aaa9ccfb399bf986_10
131,bench/oid-13_9e44a748074ae83d_01
132,bench/000000573033_00
133,bench/000000197063_11
134,bench/oid-13_0de4849e3c830c69_16
135,bench/000000557830_12
136,bench/oid-72_72180cf6a7b2b492_05
137,bench/oid-13_3d0a8236f9766f47_10
138,bench/oid-13_221e6d48ae874f6c_00
139,bench/oid-13_7f73fe7d05964f85_10
140,bench/000000340406_115
141,bench/oid-13_0439582b393338b3_00
142,bench/oid-13_caf6c4ef8cf5b230_00
143,bench/000000005946_12
144,bench/000000498802_05
145,bench/000000262909_11
146,bench/000000209654_14
147,bench/000000042387_10
148,bench/000000568135_12
149,bench/000000550303_16
150,bench/oid-2_cadc3c08592b226a_01
151,bench/000000522933_10
152,bench/oid-13_a2e400d09a5723e8_10
153,bench/oid-1_34b3ca85157bd906_04
154,bench/000000330955_00
155,bench/oid-1_f065a396ab799d6c_01
156,bench/oid-36_68834d118f091a35_05
157,bench/oid-13_006abd52cd339c78_110
158,bench/000000194851_010
159,bench/000000071796_11
160,bench/oid-13_ac35b86db0ecbf0d_00
161,bench/000000406244_15
162,bench/oid-30_d6ac2b35461038b8_02
163,bench/oid-36_93720c01f5d1cc7d_02
164,bench/000000334716_12
165,bench/000000098090_10
166,bench/oid-13_80c33bf64c777968_10
167,bench/oid-13_1adabd2eee204e3c_00
168,bench/000000150013_00
169,bench/000000480961_00
170,bench/000000287197_04
171,bench/000000380016_01
172,bench/oid-13_e929f9e0978edd4a_11
173,bench/000000349237_00
174,bench/oid-57_886ca62efcc6f42e_10
175,bench/oid-13_13cd28689ad9ce31_00
176,bench/000000228197_10
177,bench/000000353559_00
178,bench/oid-13_0368200cbb7a3eb6_11
179,bench/000000555861_10
180,bench/oid-13_344e2a68384a0418_02
181,bench/000000465601_110
182,bench/000000186000_07
183,bench/000000434968_02
184,bench/000000278977_12
185,bench/000000560660_03
186,bench/oid-13_069933c4dba54a46_10
187,bench/oid-17_4305580528ea9ec7_07
188,bench/000000475238_17
189,bench/000000189330_00
190,bench/oid-13_4d9b3bf1cbd92582_00
191,bench/oid-25_2902357a7e859c27_12
192,bench/oid-13_fead1b58a8ad094c_00
193,bench/000000188236_00
194,bench/000000190829_13
195,bench/000000422289_16
196,bench/oid-13_00353d876cedc513_10
197,bench/oid-13_5fe3309cde811e32_11
198,bench/000000273001_11
199,bench/oid-13_664494689c538de8_11
200,dog/oid-16_f6c87e7f88d42400_00
201,dog/oid-57_8d048565cd27b29c_00
202,dog/000000231466_00
203,dog/000000359519_11
204,dog/000000344127_00
205,dog/000000398285_10
206,dog/000000362331_11
207,dog/000000260953_11
208,dog/000000544760_00
209,dog/000000128528_01
210,dog/000000111548_00
211,dog/oid-16_6dfbd4e36d2d6890_11
212,dog/000000523418_10
213,dog/000000083271_10
214,dog/000000340343_01
215,dog/000000337551_01
216,dog/oid-27_04a22673e86a75cf_05
217,dog/oid-16_1460d3de9d13e68b_10
218,dog/000000580525_00
219,dog/oid-29_22427328b9125314_10
220,dog/000000519431_00
221,dog/000000312233_02
222,dog/000000159562_10
223,dog/000000181661_02
224,dog/000000305093_00
225,dog/000000010276_00
226,dog/000000151528_00
227,dog/000000468541_00
228,dog/oid-17_14ca008811d96652_10
229,dog/000000473994_10
230,dog/oid-16_3f06b1b7094d2c87_10
231,dog/oid-16_73f1bbd0d192259c_00
232,dog/000000333688_10
233,dog/000000387933_01
234,dog/oid-16_86b7611a96d37a24_01
235,dog/oid-16_589aea764caffda0_01
236,dog/oid-57_6015b2a79c54333c_11
237,dog/oid-1_e517e1cc176b7be6_14
238,dog/000000396217_00
239,dog/oid-16_69babad29c8aefc6_01
240,dog/000000403758_00
241,dog/oid-16_af28c57b50116a9a_00
242,dog/000000237897_10
243,dog/oid-58_959b14445f191f0e_00
244,dog/000000011080_11
245,dog/000000535432_01
246,dog/000000296385_16
247,dog/oid-57_bc584f028cc666bd_10
248,dog/000000396684_01
249,dog/000000359164_00
250,dog/000000324605_00
251,dog/000000230150_01
252,dog/000000037932_00
253,dog/oid-16_1b478b30a4f04cf4_00
254,dog/000000208236_10
255,dog/000000482672_10
256,dog/000000026645_00
257,dog/000000421903_02
258,dog/oid-16_b6e6dde17814f401_10
259,dog/000000187156_00
260,dog/oid-16_59bcc75e49786f59_03
261,dog/000000521709_10
262,dog/000000406716_00
263,dog/oid-19_36e33129bef15dda_00
264,dog/000000563436_10
265,dog/000000552389_00
266,dog/000000271580_05
267,dog/000000178616_01
268,dog/oid-30_2eb2daefa51acc7e_10
269,dog/oid-16_a847faaac99b2c77_00
270,dog/oid-16_3a690254bd15b1fc_10
271,dog/oid-9_011ce22560fa16d0_01
272,dog/000000358222_00
273,dog/oid-16_d825c39588c3d7e0_10
274,dog/000000535457_10
275,dog/000000112830_11
276,dog/000000127937_10
277,dog/oid-0_6cd15bdf74deef1b_11
278,dog/000000037716_00
279,dog/oid-16_a5be1e2d96f8459a_02
280,dog/000000183240_00
281,dog/000000380171_11
282,dog/000000230625_00
283,dog/000000227947_10
284,dog/000000047916_01
285,dog/000000256628_00
286,dog/oid-27_3da0cb5112606df9_00
287,dog/000000296676_14
288,dog/oid-16_aa75004c7ee0689e_10
289,dog/000000418049_01
290,dog/000000173019_11
291,dog/000000198935_00
292,dog/000000214726_12
293,dog/000000289618_11
294,dog/000000025148_10
295,dog/000000287210_00
296,dog/000000342322_112
297,dog/oid-16_5c3d70ce06050d73_00
298,dog/000000437119_10
299,dog/oid-16_51dbdee04d1f6490_10
300,elephant/000000534151_00
301,elephant/000000478057_10
302,elephant/000000549088_00
303,elephant/oid-20_a4913c6a9e767375_15
304,elephant/000000501634_00
305,elephant/000000045617_11
306,elephant/oid-20_c740e3cf6d3602f7_01
307,elephant/000000098394_01
308,elephant/oid-20_7adc2c69fa6053da_13
309,elephant/oid-20_048e67bc1bf5aeee_00
310,elephant/000000029626_10
311,elephant/oid-20_e8fba7cb6dca3c0c_00
312,elephant/oid-20_08471bc9505618f8_02
313,elephant/oid-20_2d15e5e0682e636b_10
314,elephant/oid-20_6c35ed969ffad914_02
315,elephant/000000395268_00
316,elephant/oid-20_7e3461e521b0ca73_11
317,elephant/000000387372_10
318,elephant/000000045617_12
319,elephant/000000306975_10
320,elephant/000000378007_00
321,elephant/oid-20_66cc87578f8597b7_01
322,elephant/000000410194_02
323,elephant/oid-20_9a6d8feba040b148_06
324,elephant/000000315243_10
325,elephant/000000038092_10
326,elephant/oid-20_e19978868c01b77e_01
327,elephant/oid-20_d1af0a1d165c308d_03
328,elephant/000000066800_10
329,elephant/000000384718_10
330,elephant/000000384718_12
331,elephant/000000220042_00
332,elephant/000000552681_12
333,elephant/oid-20_2f5153aeac7a6da9_00
334,elephant/oid-20_90967da1f70cecda_01
335,elephant/000000418099_10
336,elephant/000000551622_10
337,elephant/oid-20_0b719eba5b604429_01
338,elephant/oid-20_168c1013ee0beea2_12
339,elephant/oid-20_378a9a2ef7f45dd3_11
340,elephant/000000252759_10
341,elephant/000000322220_01
342,elephant/000000066828_02
343,elephant/oid-20_97b09253ad369b29_11
344,elephant/000000344043_10
345,elephant/000000298639_00
346,elephant/oid-20_bd68c499ba0b5f85_10
347,elephant/oid-20_168c1013ee0beea2_10
348,elephant/000000428191_10
349,elephant/000000305414_12
350,elephant/000000005085_11
351,elephant/000000505796_10
352,elephant/000000244016_10
353,elephant/oid-22_2da8ad7cf851d8f1_11
354,elephant/000000315607_02
355,elephant/oid-17_35ffe7d48d99e6d1_02
356,elephant/000000330511_01
357,elephant/000000026865_00
358,elephant/oid-20_23867460a0e4dad8_00
359,elephant/000000077979_01
360,elephant/000000202764_03
361,elephant/000000273106_00
362,elephant/000000298900_02
363,elephant/oid-20_57cb7e648194d520_01
364,elephant/000000508208_10
365,elephant/000000455400_01
366,elephant/000000534308_10
367,elephant/oid-20_bac10441ccd95a61_00
368,elephant/000000214655_00
369,elephant/000000287695_10
370,elephant/000000255453_10
371,elephant/000000035807_10
372,elephant/000000362656_00
373,elephant/000000035594_00
374,elephant/oid-20_1558273c04e53c09_00
375,elephant/000000168129_00
376,elephant/oid-20_6a78a32674982d9a_11
377,elephant/000000536252_00
378,elephant/000000407372_11
379,elephant/000000014008_11
380,elephant/000000016518_02
381,elephant/000000136078_02
382,elephant/oid-20_a5618fb7a241fdf3_12
383,elephant/000000173202_01
384,elephant/000000450370_10
385,elephant/000000498650_12
386,elephant/000000129781_10
387,elephant/000000232673_10
388,elephant/000000261186_10
389,elephant/000000298591_02
390,elephant/oid-20_4ee411d7e1078787_00
391,elephant/000000332299_16
392,elephant/000000516619_00
393,elephant/000000044060_13
394,elephant/000000138133_02
395,elephant/000000232618_10
396,elephant/000000157921_10
397,elephant/000000035857_12
398,elephant/000000457834_11
399,elephant/oid-20_1a8c8e51bfb241e5_14
400,zebra/000000132612_14
401,zebra/000000222921_02
402,zebra/000000098437_01
403,zebra/000000299041_12
404,zebra/000000001228_00
405,zebra/oid-22_1265029fc2a9e1b8_11
406,zebra/oid-22_55797b7ca204843d_00
407,zebra/000000061395_11
408,zebra/000000573001_11
409,zebra/000000559294_04
410,zebra/000000530285_10
411,zebra/000000354003_10
412,zebra/000000330979_00
413,zebra/000000498354_11
414,zebra/000000478967_00
415,zebra/000000491611_11
416,zebra/000000468351_10
417,zebra/000000430804_11
418,zebra/000000354291_12
419,zebra/000000362275_10
420,zebra/000000514082_13
421,zebra/oid-22_a708a42e24fd4eff_00
422,zebra/000000070927_01
423,zebra/000000299041_14
424,zebra/000000101772_00
425,zebra/000000268938_02
426,zebra/000000117897_03
427,zebra/000000106043_05
428,zebra/000000188173_01
429,zebra/000000489995_11
430,zebra/000000567423_04
431,zebra/000000570171_01
432,zebra/000000477216_00
433,zebra/000000230837_04
434,zebra/oid-22_bf30fa6b04d4a763_00
435,zebra/000000525568_00
436,zebra/000000544639_10
437,zebra/000000331329_10
438,zebra/oid-22_3215ae60c86d6a52_01
439,zebra/000000446459_00
440,zebra/000000448319_10
441,zebra/000000413678_01
442,zebra/000000231222_00
443,zebra/000000006688_10
444,zebra/000000068502_14
445,zebra/000000065088_10
446,zebra/000000313637_01
447,zebra/000000380058_01
448,zebra/000000271760_00
449,zebra/000000509588_01
450,zebra/000000107751_01
451,zebra/000000194551_10
452,zebra/oid-22_5ca7029c7c84bcda_10
453,zebra/oid-22_d0aa11c95d521971_13
454,zebra/000000514230_12
455,zebra/oid-22_f486a3c9febe0a87_12
456,zebra/000000555495_10
457,zebra/000000155269_00
458,zebra/oid-22_196d72ad2f953e0c_13
459,zebra/000000217780_13
460,zebra/000000009548_10
461,zebra/oid-22_6c58590b2c6dad5a_01
462,zebra/000000020052_12
463,zebra/000000144157_13
464,zebra/000000493438_11
465,zebra/000000346093_16
466,zebra/000000104701_00
467,zebra/000000359751_00
468,zebra/000000486960_11
469,zebra/000000207030_11
470,zebra/000000214150_17
471,zebra/000000038513_03
472,zebra/000000506837_11
473,zebra/000000202298_00
474,zebra/oid-22_77548fe7c84ce93e_10
475,zebra/000000289027_10
476,zebra/oid-22_1651bfbe7d92de70_10
477,zebra/000000335106_00
478,zebra/000000146583_00
479,zebra/000000527520_00
480,zebra/000000447999_10
481,zebra/000000568272_10
482,zebra/oid-22_01f098c1af03b8ea_00
483,zebra/000000232987_01
484,zebra/000000279208_12
485,zebra/000000509402_10
486,zebra/000000023981_15
487,zebra/000000168185_10
488,zebra/000000327624_19
489,zebra/000000023981_14
490,zebra/000000524247_10
491,zebra/000000155269_01
492,zebra/000000239194_11
493,zebra/000000497804_10
494,zebra/000000323468_10
495,zebra/000000117841_01
496,zebra/000000279208_17
497,zebra/000000131895_00
498,zebra/000000547460_00
499,zebra/000000084591_02
500,bottle/000000476235_02
501,bottle/000000129912_15
502,bottle/000000246105_17
503,bottle/000000137260_06
504,bottle/000000437801_00
505,bottle/000000164548_14
506,bottle/000000018461_10
507,bottle/000000528386_09
508,bottle/000000368510_06
509,bottle/000000559900_08
510,bottle/000000349709_13
511,bottle/000000560297_04
512,bottle/000000131697_010
513,bottle/000000484090_13
514,bottle/000000406295_04
515,bottle/000000347483_04
516,bottle/000000418394_06
517,bottle/000000196307_12
518,bottle/000000422389_14
519,bottle/000000445679_15
520,bottle/oid-1_04392ec64b1f6dfc_13
521,bottle/000000427335_06
522,bottle/000000062552_11
523,bottle/000000576771_00
524,bottle/000000037527_040
525,bottle/000000504165_06
526,bottle/000000340218_11
527,bottle/000000036561_06
528,bottle/000000417143_15
529,bottle/000000430281_13
530,bottle/000000287289_01
531,bottle/000000265597_13
532,bottle/000000542443_11
533,bottle/000000231387_01
534,bottle/000000136720_11
535,bottle/000000502717_13
536,bottle/000000347665_13
537,bottle/000000070755_10
538,bottle/000000449350_12
539,bottle/000000302716_10
540,bottle/000000261558_03
541,bottle/000000562856_10
542,bottle/000000115113_12
543,bottle/000000092696_18
544,bottle/000000459214_02
545,bottle/000000083836_02
546,bottle/oid-0_b41b118ab3d2da04_110
547,bottle/000000002544_12
548,bottle/000000454372_10
549,bottle/000000166940_02
550,bottle/000000009275_02
551,bottle/000000139970_02
552,bottle/000000136310_111
553,bottle/000000522574_01
554,bottle/000000013603_05
555,bottle/000000256741_11
556,bottle/000000411478_10
557,bottle/000000515019_114
558,bottle/000000194820_12
559,bottle/000000023245_11
560,bottle/000000074041_10
561,bottle/000000369601_01
562,bottle/oid-0_2ce1b6afaba96f42_01
563,bottle/000000055731_04
564,bottle/000000229132_18
565,bottle/000000285882_11
566,bottle/000000193193_15
567,bottle/000000081042_17
568,bottle/000000251016_10
569,bottle/000000040426_01
570,bottle/000000300806_120
571,bottle/000000156180_11
572,bottle/000000296871_12
573,bottle/000000388658_13
574,bottle/000000298138_12
575,bottle/000000234515_11
576,bottle/000000009275_01
577,bottle/000000090744_10
578,bottle/000000165610_07
579,bottle/000000421360_113
580,bottle/oid-0_47bc5972e9172a05_10
581,bottle/000000287723_02
582,bottle/000000578041_04
583,bottle/000000395379_11
584,bottle/000000150300_10
585,bottle/000000381037_03
586,bottle/000000381323_04
587,bottle/000000246787_01
588,bottle/000000227502_12
589,bottle/000000479191_00
590,bottle/000000405278_14
591,bottle/000000419678_03
592,bottle/000000073209_110
593,bottle/000000393608_11
594,bottle/000000209537_06
595,bottle/000000162488_02
596,bottle/000000278816_01
597,bottle/000000461467_13
598,bottle/oid-0_3ad1815a774863f3_02
599,bottle/000000456610_05
600,wine_glass/oid-39_5b0a57c5e4a247ba_12
601,wine_glass/oid-40_6b394a76c9ee8b04_02
602,wine_glass/oid-40_40eaab6951890949_11
603,wine_glass/oid-40_be6bb551db15b4a5_11
604,wine_glass/000000285773_10
605,wine_glass/000000055033_10
606,wine_glass/oid-40_b1e855aedaad155f_012
607,wine_glass/oid-40_313503ed3c4d170b_12
608,wine_glass/oid-40_cf362173ecf5b905_05
609,wine_glass/oid-40_e4ec1a35d74f4d14_00
610,wine_glass/oid-40_15e528392a7aca35_00
611,wine_glass/000000452380_111
612,wine_glass/000000062608_11
613,wine_glass/oid-40_ea5c53dc4366b6b1_110
614,wine_glass/oid-40_aead1bfb748f5348_01
615,wine_glass/000000516168_15
616,wine_glass/oid-27_9a6064355e33e2f8_02
617,wine_glass/000000104495_13
618,wine_glass/oid-40_5c78021b3a8d41a6_14
619,wine_glass/oid-40_67822351e63372f4_124
620,wine_glass/000000499166_11
621,wine_glass/000000342807_14
622,wine_glass/000000020513_03
623,wine_glass/000000310348_04
624,wine_glass/oid-40_bf424f41416df9f8_13
625,wine_glass/oid-40_0933ae77559ae759_13
626,wine_glass/oid-40_54d85197b19e0bfc_02
627,wine_glass/oid-40_98bb315d78f538bd_010
628,wine_glass/000000209016_02
629,wine_glass/oid-40_ce25d45e44367c54_03
630,wine_glass/oid-40_4d7f7c77377d48d0_01
631,wine_glass/oid-40_6f9be8ef824b4af2_14
632,wine_glass/oid-40_47b8f785d5e47f70_13
633,wine_glass/oid-40_00d12edd1967fb27_018
634,wine_glass/oid-40_54a66412f6fe5a50_111
635,wine_glass/oid-40_801239cff6405a23_01
636,wine_glass/oid-40_d67e73a7edb6ee81_02
637,wine_glass/oid-40_005bb95d8bcc5288_01
638,wine_glass/oid-39_ffc688c4c1c2a068_10
639,wine_glass/oid-40_84c424ec462a5c77_012
640,wine_glass/000000277202_11
641,wine_glass/oid-40_82fae4115a376e94_01
642,wine_glass/oid-40_1fc2cde5dfe5b908_13
643,wine_glass/000000539589_03
644,wine_glass/oid-40_33c8af0575a9263c_02
645,wine_glass/oid-40_638db22d0eefc530_14
646,wine_glass/000000385377_14
647,wine_glass/oid-40_b41b3537f0f0769d_10
648,wine_glass/000000016030_12
649,wine_glass/000000254240_12
650,wine_glass/oid-40_668cdf42d628a874_011
651,wine_glass/oid-40_0a60b967857e9ad8_01
652,wine_glass/000000497211_04
653,wine_glass/oid-40_08ae6a67bfd49a4f_11
654,wine_glass/oid-40_1f835ae30bc67f0d_13
655,wine_glass/000000068633_14
656,wine_glass/000000084463_11
657,wine_glass/oid-40_5e49bacb3b784c09_11
658,wine_glass/oid-40_99574a4b8747b778_02
659,wine_glass/oid-40_31036413a13eb6b8_09
660,wine_glass/oid-40_2e182fe53376de44_18
661,wine_glass/oid-40_b0a65aace37d5de6_12
662,wine_glass/oid-40_c143b3b505842e84_00
663,wine_glass/oid-40_7e11539b1857b7df_12
664,wine_glass/oid-40_dda92e011a1fe3b2_18
665,wine_glass/oid-40_3adaab33169753c1_02
666,wine_glass/000000210844_13
667,wine_glass/oid-40_c8c0873092bf0004_00
668,wine_glass/oid-40_a45c42a62e07c315_14
669,wine_glass/000000442125_02
670,wine_glass/oid-39_8dc76b9ae9a1b195_02
671,wine_glass/oid-40_e2f7073a7936306c_13
672,wine_glass/000000092696_15
673,wine_glass/oid-40_87c3c2d09e72faff_01
674,wine_glass/oid-40_02bc5bd0d498033b_12
675,wine_glass/000000543521_11
676,wine_glass/oid-40_099f15365fcdac70_12
677,wine_glass/000000557021_03
678,wine_glass/oid-40_55801cfcaacb9d38_16
679,wine_glass/oid-40_fc76fa5772a9eb2b_12
680,wine_glass/000000079313_12
681,wine_glass/000000213904_02
682,wine_glass/000000580505_13
683,wine_glass/oid-40_d055140d4f08b8bf_04
684,wine_glass/oid-40_32d316a083215f73_16
685,wine_glass/oid-40_f8c495e07cdf3dfd_01
686,wine_glass/000000176194_05
687,wine_glass/oid-40_024356850c5d5e42_01
688,wine_glass/000000539589_012
689,wine_glass/oid-40_01d5088e0d3f9900_016
690,wine_glass/oid-27_e9642505f43b2689_03
691,wine_glass/000000500492_00
692,wine_glass/oid-40_15e528392a7aca35_01
693,wine_glass/000000188920_016
694,wine_glass/000000062743_13
695,wine_glass/oid-40_84c424ec462a5c77_01
696,wine_glass/000000289255_10
697,wine_glass/oid-39_5a7686515f6eceff_05
698,wine_glass/oid-40_701c977061369eaf_05
699,wine_glass/oid-40_f1c4ae3ab8a3a346_12
700,dining_table/000000367615_05
701,dining_table/000000125673_11
702,dining_table/000000239884_01
703,dining_table/000000575711_010
704,dining_table/000000496902_111
705,dining_table/000000581036_04
706,dining_table/000000106379_02
707,dining_table/000000399382_11
708,dining_table/000000574492_118
709,dining_table/000000170401_13
710,dining_table/000000322121_01
711,dining_table/000000005472_10
712,dining_table/000000417141_02
713,dining_table/oid-0_84b9406bfb56f4b2_112
714,dining_table/000000128180_03
715,dining_table/oid-26_b6a154bb47fee2f0_11
716,dining_table/000000108282_07
717,dining_table/000000070865_13
718,dining_table/000000340494_02
719,dining_table/000000558142_16
720,dining_table/000000010881_012
721,dining_table/000000212553_03
722,dining_table/000000528299_13
723,dining_table/000000251503_03
724,dining_table/000000170716_12
725,dining_table/000000187823_01
726,dining_table/000000411478_14
727,dining_table/000000258414_05
728,dining_table/oid-27_acd190900a734f73_18
729,dining_table/000000521899_04
730,dining_table/000000065343_19
731,dining_table/000000325545_02
732,dining_table/000000500679_10
733,dining_table/000000029320_02
734,dining_table/000000414401_12
735,dining_table/000000550960_02
736,dining_table/000000492729_12
737,dining_table/000000014004_112
738,dining_table/000000321878_10
739,dining_table/000000293254_12
740,dining_table/000000061838_10
741,dining_table/000000355159_04
742,dining_table/000000418825_05
743,dining_table/000000065806_12
744,dining_table/000000392947_01
745,dining_table/000000054013_03
746,dining_table/000000425653_01
747,dining_table/000000470004_17
748,dining_table/000000162375_13
749,dining_table/000000198426_05
750,dining_table/000000296843_00
751,dining_table/000000301046_012
752,dining_table/000000241369_10
753,dining_table/000000209041_016
754,dining_table/000000440938_01
755,dining_table/000000546205_00
756,dining_table/000000326770_12
757,dining_table/000000025045_13
758,dining_table/000000552502_07
759,dining_table/000000317981_10
760,dining_table/000000448923_05
761,dining_table/000000355919_12
762,dining_table/000000306570_05
763,dining_table/000000134574_00
764,dining_table/000000336593_12
765,dining_table/000000053643_113
766,dining_table/000000237337_01
767,dining_table/000000377251_04
768,dining_table/000000208748_06
769,dining_table/000000176138_11
770,dining_table/000000550414_00
771,dining_table/000000547767_05
772,dining_table/000000564612_14
773,dining_table/oid-27_8e7bd663d828419b_17
774,dining_table/000000476175_01
775,dining_table/000000302903_12
776,dining_table/000000561160_09
777,dining_table/000000047952_14
778,dining_table/000000491098_111
779,dining_table/000000146219_01
780,dining_table/000000074365_13
781,dining_table/000000200455_01
782,dining_table/000000412101_010
783,dining_table/000000449414_011
784,dining_table/000000183735_01
785,dining_table/000000513811_02
786,dining_table/000000228261_112
787,dining_table/000000545381_14
788,dining_table/000000147743_14
789,dining_table/000000428565_02
790,dining_table/000000475425_01
791,dining_table/000000528151_00
792,dining_table/000000409066_03
793,dining_table/000000328792_08
794,dining_table/000000502534_03
795,dining_table/000000211420_16
796,dining_table/000000536935_01
797,dining_table/000000548882_11
798,dining_table/000000541562_02
799,dining_table/000000464585_12
800,clock/oid-74_ca97733835107d6b_11
801,clock/000000427399_00
802,clock/000000083065_12
803,clock/000000156367_14
804,clock/oid-74_b928402548d33e83_10
805,clock/000000410687_00
806,clock/oid-74_5120f7da380cafa6_10
807,clock/oid-74_34030e96593eb420_12
808,clock/000000484474_10
809,clock/oid-74_03c05fe91276fd78_11
810,clock/000000066394_00
811,clock/oid-74_0374e54219e0affa_15
812,clock/oid-74_886e9e565b3a6eee_10
813,clock/oid-74_00c79041873d5156_10
814,clock/oid-74_58ea3e90c24c6a57_10
815,clock/oid-57_be1bc629c09cd585_13
816,clock/000000085721_10
817,clock/oid-74_8c3a6e215ffe7bb8_11
818,clock/000000213988_10
819,clock/000000207625_00
820,clock/oid-57_07e0e4145d8f572a_10
821,clock/000000455463_05
822,clock/000000445477_01
823,clock/000000406359_10
824,clock/000000233843_10
825,clock/000000386193_13
826,clock/000000519883_00
827,clock/oid-60_3c65eddcbeedc542_010
828,clock/oid-67_51662f802ef90ed2_12
829,clock/000000327367_00
830,clock/oid-74_5ef600cced964e72_10
831,clock/000000361259_00
832,clock/000000515820_02
833,clock/oid-74_0c8eb7ef703b6ac9_01
834,clock/000000055460_10
835,clock/000000231148_13
836,clock/oid-74_47ebbf8fbadf47ba_00
837,clock/oid-74_5719794943b820c9_113
838,clock/000000411492_129
839,clock/oid-36_ee2322df230b3f88_14
840,clock/000000471579_00
841,clock/oid-74_95489d08acac64a2_10
842,clock/oid-74_3756093539afebf6_10
843,clock/000000310047_10
844,clock/oid-74_c0087efdcfca0f0c_00
845,clock/oid-74_02453db441cf3194_01
846,clock/000000118734_10
847,clock/000000051941_10
848,clock/000000303408_00
849,clock/oid-74_690498379457ade5_00
850,clock/oid-74_97f936f4b8072aad_00
851,clock/000000373857_00
852,clock/oid-74_7fd1d1ed2c6b57e5_01
853,clock/oid-66_c6a1170ea9ee35f1_10
854,clock/000000479941_11
855,clock/000000114119_10
856,clock/oid-74_5719794943b820c9_111
857,clock/oid-67_a9e6b3e55abdad30_12
858,clock/000000468170_00
859,clock/000000495681_10
860,clock/oid-73_8d113eb2594c376b_12
861,clock/oid-74_2e2c799ddb208156_021
862,clock/000000283516_10
863,clock/000000579226_10
864,clock/000000273196_01
865,clock/oid-74_68ddf2ee9f8c1d2d_10
866,clock/000000429887_10
867,clock/oid-56_a719a0b28bf8f681_10
868,clock/000000318910_00
869,clock/000000489741_10
870,clock/oid-43_f6f5a4430115ed10_11
871,clock/000000366256_00
872,clock/oid-67_fd6c5bc5b97c539b_10
873,clock/000000385667_01
874,clock/oid-13_06c49071198bc23c_11
875,clock/000000262329_10
876,clock/oid-74_64dc41cb06d32492_10
877,clock/000000226872_11
878,clock/000000266386_00
879,clock/000000249838_05
880,clock/000000009172_00
881,clock/oid-74_b98832a35514ac7a_00
882,clock/000000016599_13
883,clock/000000173819_11
884,clock/oid-68_1a73949b85ebe813_01
885,clock/000000213060_10
886,clock/oid-1_b2776d1e0e5b9b05_05
887,clock/000000426202_00
888,clock/oid-74_2e2c799ddb208156_05
889,clock/oid-67_3cd096657908be30_14
890,clock/000000195791_01
891,clock/000000294176_131
892,clock/000000287324_10
893,clock/oid-74_2e2c799ddb208156_032
894,clock/000000073697_10
895,clock/000000021281_03
896,clock/oid-74_9f7e4c98ffb951fc_00
897,clock/oid-74_091c8bbeab9af7e4_10
898,clock/000000420573_04
899,clock/000000008433_10
900,teddy_bear/000000417832_02
901,teddy_bear/oid-32_70614905c738f4e2_01
902,teddy_bear/000000138573_18
903,teddy_bear/000000175781_10
904,teddy_bear/oid-77_680853236c6f4816_12
905,teddy_bear/000000082484_12
906,teddy_bear/000000536154_19
907,teddy_bear/000000386927_12
908,teddy_bear/000000138836_10
909,teddy_bear/000000093893_12
910,teddy_bear/000000566427_10
911,teddy_bear/oid-77_caf59900cbceaf39_00
912,teddy_bear/000000483043_04
913,teddy_bear/000000154637_10
914,teddy_bear/000000263039_11
915,teddy_bear/000000479901_00
916,teddy_bear/oid-77_d9bd298402fb6613_12
917,teddy_bear/000000521031_07
918,teddy_bear/000000494837_10
919,teddy_bear/000000496123_00
920,teddy_bear/000000195406_00
921,teddy_bear/oid-57_0027ea2ab5c65444_14
922,teddy_bear/oid-77_1ffc89b316201ada_12
923,teddy_bear/oid-55_50ed7a65ad34734f_02
924,teddy_bear/oid-55_3029da51e5e0944d_11
925,teddy_bear/000000388807_02
926,teddy_bear/oid-77_1a637146c29f33cc_11
927,teddy_bear/000000443769_13
928,teddy_bear/oid-77_174274134a81913b_10
929,teddy_bear/oid-77_807b63a92c98f29c_04
930,teddy_bear/oid-77_c00eea6dbfd3e709_10
931,teddy_bear/000000154610_014
932,teddy_bear/000000207354_01
933,teddy_bear/oid-77_68d8210528d5cea2_00
934,teddy_bear/oid-59_021100169a759626_12
935,teddy_bear/000000351829_10
936,teddy_bear/oid-0_a846a0c5be526f0c_12
937,teddy_bear/000000058405_03
938,teddy_bear/000000561529_07
939,teddy_bear/oid-59_9eb8e74251087700_13
940,teddy_bear/000000313420_10
941,teddy_bear/000000034321_10
942,teddy_bear/000000521195_02
943,teddy_bear/000000526098_12
944,teddy_bear/000000164772_13
945,teddy_bear/000000428301_04
946,teddy_bear/oid-77_fed47b3794ec9ede_12
947,teddy_bear/000000132516_12
948,teddy_bear/000000128373_00
949,teddy_bear/000000168316_03
950,teddy_bear/000000320150_09
951,teddy_bear/000000135914_10
952,teddy_bear/oid-23_1c44020301713235_10
953,teddy_bear/oid-77_914eb6671206765b_14
954,teddy_bear/000000490507_13
955,teddy_bear/oid-77_0a2ba1cc3a3e34f1_10
956,teddy_bear/oid-77_4f118288c716ae43_14
957,teddy_bear/000000374463_00
958,teddy_bear/oid-77_01869dc1875075b7_00
959,teddy_bear/000000237501_11
960,teddy_bear/000000047639_11
961,teddy_bear/000000581256_10
962,teddy_bear/000000045836_11
963,teddy_bear/000000474528_00
964,teddy_bear/000000048285_10
965,teddy_bear/oid-77_a9d13f216ce9e6d9_11
966,teddy_bear/000000116678_13
967,teddy_bear/000000438157_10
968,teddy_bear/oid-77_38410c226308f90a_10
969,teddy_bear/000000193599_10
970,teddy_bear/oid-77_c2ff7077bb0f4caf_10
971,teddy_bear/000000473919_03
972,teddy_bear/000000281609_15
973,teddy_bear/oid-77_bfbeae2294505978_10
974,teddy_bear/000000187153_16
975,teddy_bear/oid-77_ca0cc47f3416eca4_00
976,teddy_bear/000000272970_04
977,teddy_bear/000000392717_10
978,teddy_bear/oid-66_3819125f11e52909_03
979,teddy_bear/000000152514_10
980,teddy_bear/000000289152_11
981,teddy_bear/000000540828_13
982,teddy_bear/000000127654_10
983,teddy_bear/000000459449_10
984,teddy_bear/000000517882_17
985,teddy_bear/oid-77_680853236c6f4816_113
986,teddy_bear/oid-77_fcbc3a0b4f310d5b_10
987,teddy_bear/oid-77_53c0a977e1f8f5be_10
988,teddy_bear/oid-57_047f5a1f8cb6f0ba_112
989,teddy_bear/000000373440_03
990,teddy_bear/000000008176_11
991,teddy_bear/000000445784_03
992,teddy_bear/000000077222_12
993,teddy_bear/000000320150_05
994,teddy_bear/000000357004_11
995,teddy_bear/000000400872_00
996,teddy_bear/oid-77_0940710415e601b4_03
997,teddy_bear/oid-75_7a5947dc1124fca6_01
998,teddy_bear/000000122959_010
999,teddy_bear/000000320150_02
